latitude,longitude,key
51.1390990990991,4.205385284036083,BIMAppy10000
51.1390990990991,4.278616019834279,BIMAppy10001
51.1390990990991,4.351846755632474,BIMAppy10002
51.1390990990991,4.42507749143067,BIMAppy10003
51.1390990990991,4.498308227228867,BIMAppy10004
51.1390990990991,4.571538963027062,BIMAppy10005
51.1390990990991,4.644769698825257,BIMAppy10006
51.1390990990991,4.718000434623454,BIMAppy10007
51.1390990990991,4.79123117042165,BIMAppy10008
51.1390990990991,4.864461906219845,BIMAppy10009
51.1390990990991,4.937692642018042,BIMAppy10010
51.1390990990991,5.010923377816237,BIMAppy10011
51.1390990990991,5.084154113614433,BIMAppy10012
51.1390990990991,5.157384849412629,BIMAppy10013
51.1390990990991,5.230615585210825,BIMAppy10014
51.1390990990991,5.30384632100902,BIMAppy10015
51.1390990990991,5.377077056807217,BIMAppy10016
51.1390990990991,5.450307792605412,BIMAppy10017
51.1390990990991,5.523538528403608,BIMAppy10018
51.1390990990991,5.596769264201804,BIMAppy10019
51.1390990990991,5.67,BIMAppy10020
51.1390990990991,5.743230735798196,BIMAppy10021
51.1390990990991,5.816461471596392,BIMAppy10022
51.1390990990991,5.889692207394588,BIMAppy10023
51.1390990990991,5.962922943192783,BIMAppy10024
51.1390990990991,6.0361536789909795,BIMAppy10025
51.1390990990991,6.109384414789175,BIMAppy10026
51.1390990990991,6.182615150587371,BIMAppy10027
51.1390990990991,6.255845886385567,BIMAppy10028
51.1390990990991,6.329076622183763,BIMAppy10029
51.1390990990991,6.402307357981958,BIMAppy10030
51.1390990990991,6.4755380937801545,BIMAppy10031
51.1390990990991,6.54876882957835,BIMAppy10032
51.1390990990991,6.621999565376546,BIMAppy10033
51.1390990990991,6.6952303011747425,BIMAppy10034
51.1390990990991,6.768461036972938,BIMAppy10035
51.1390990990991,6.841691772771133,BIMAppy10036
51.1390990990991,6.9149225085693296,BIMAppy10037
51.1390990990991,6.988153244367526,BIMAppy10038
51.1390990990991,7.061383980165721,BIMAppy10039
51.1390990990991,7.134614715963917,BIMAppy10040
51.18414414414414,4.205385284036083,BIMAppy10041
51.18414414414414,4.278616019834279,BIMAppy10042
51.18414414414414,4.351846755632474,BIMAppy10043
51.18414414414414,4.42507749143067,BIMAppy10044
51.18414414414414,4.498308227228867,BIMAppy10045
51.18414414414414,4.571538963027062,BIMAppy10046
51.18414414414414,4.644769698825257,BIMAppy10047
51.18414414414414,4.718000434623454,BIMAppy10048
51.18414414414414,4.79123117042165,BIMAppy10049
51.18414414414414,4.864461906219845,BIMAppy10050
51.18414414414414,4.937692642018042,BIMAppy10051
51.18414414414414,5.010923377816237,BIMAppy10052
51.18414414414414,5.084154113614433,BIMAppy10053
51.18414414414414,5.157384849412629,BIMAppy10054
51.18414414414414,5.230615585210825,BIMAppy10055
51.18414414414414,5.30384632100902,BIMAppy10056
51.18414414414414,5.377077056807217,BIMAppy10057
51.18414414414414,5.450307792605412,BIMAppy10058
51.18414414414414,5.523538528403608,BIMAppy10059
51.18414414414414,5.596769264201804,BIMAppy10060
51.18414414414414,5.67,BIMAppy10061
51.18414414414414,5.743230735798196,BIMAppy10062
51.18414414414414,5.816461471596392,BIMAppy10063
51.18414414414414,5.889692207394588,BIMAppy10064
51.18414414414414,5.962922943192783,BIMAppy10065
51.18414414414414,6.0361536789909795,BIMAppy10066
51.18414414414414,6.109384414789175,BIMAppy10067
51.18414414414414,6.182615150587371,BIMAppy10068
51.18414414414414,6.255845886385567,BIMAppy10069
51.18414414414414,6.329076622183763,BIMAppy10070
51.18414414414414,6.402307357981958,BIMAppy10071
51.18414414414414,6.4755380937801545,BIMAppy10072
51.18414414414414,6.54876882957835,BIMAppy10073
51.18414414414414,6.621999565376546,BIMAppy10074
51.18414414414414,6.6952303011747425,BIMAppy10075
51.18414414414414,6.768461036972938,BIMAppy10076
51.18414414414414,6.841691772771133,BIMAppy10077
51.18414414414414,6.9149225085693296,BIMAppy10078
51.18414414414414,6.988153244367526,BIMAppy10079
51.18414414414414,7.061383980165721,BIMAppy10080
51.18414414414414,7.134614715963917,BIMAppy10081
51.229189189189185,4.205385284036083,BIMAppy10082
51.229189189189185,4.278616019834279,BIMAppy10083
51.229189189189185,4.351846755632474,BIMAppy10084
51.229189189189185,4.42507749143067,BIMAppy10085
51.229189189189185,4.498308227228867,BIMAppy10086
51.229189189189185,4.571538963027062,BIMAppy10087
51.229189189189185,4.644769698825257,BIMAppy10088
51.229189189189185,4.718000434623454,BIMAppy10089
51.229189189189185,4.79123117042165,BIMAppy10090
51.229189189189185,4.864461906219845,BIMAppy10091
51.229189189189185,4.937692642018042,BIMAppy10092
51.229189189189185,5.010923377816237,BIMAppy10093
51.229189189189185,5.084154113614433,BIMAppy10094
51.229189189189185,5.157384849412629,BIMAppy10095
51.229189189189185,5.230615585210825,BIMAppy10096
51.229189189189185,5.30384632100902,BIMAppy10097
51.229189189189185,5.377077056807217,BIMAppy10098
51.229189189189185,5.450307792605412,BIMAppy10099
51.229189189189185,5.523538528403608,BIMAppy10100
51.229189189189185,5.596769264201804,BIMAppy10101
51.229189189189185,5.67,BIMAppy10102
51.229189189189185,5.743230735798196,BIMAppy10103
51.229189189189185,5.816461471596392,BIMAppy10104
51.229189189189185,5.889692207394588,BIMAppy10105
51.229189189189185,5.962922943192783,BIMAppy10106
51.229189189189185,6.0361536789909795,BIMAppy10107
51.229189189189185,6.109384414789175,BIMAppy10108
51.229189189189185,6.182615150587371,BIMAppy10109
51.229189189189185,6.255845886385567,BIMAppy10110
51.229189189189185,6.329076622183763,BIMAppy10111
51.229189189189185,6.402307357981958,BIMAppy10112
51.229189189189185,6.4755380937801545,BIMAppy10113
51.229189189189185,6.54876882957835,BIMAppy10114
51.229189189189185,6.621999565376546,BIMAppy10115
51.229189189189185,6.6952303011747425,BIMAppy10116
51.229189189189185,6.768461036972938,BIMAppy10117
51.229189189189185,6.841691772771133,BIMAppy10118
51.229189189189185,6.9149225085693296,BIMAppy10119
51.229189189189185,6.988153244367526,BIMAppy10120
51.229189189189185,7.061383980165721,BIMAppy10121
51.229189189189185,7.134614715963917,BIMAppy10122
51.274234234234235,4.205385284036083,BIMAppy10123
51.274234234234235,4.278616019834279,BIMAppy10124
51.274234234234235,4.351846755632474,BIMAppy10125
51.274234234234235,4.42507749143067,BIMAppy10126
51.274234234234235,4.498308227228867,BIMAppy10127
51.274234234234235,4.571538963027062,BIMAppy10128
51.274234234234235,4.644769698825257,BIMAppy10129
51.274234234234235,4.718000434623454,BIMAppy10130
51.274234234234235,4.79123117042165,BIMAppy10131
51.274234234234235,4.864461906219845,BIMAppy10132
51.274234234234235,4.937692642018042,BIMAppy10133
51.274234234234235,5.010923377816237,BIMAppy10134
51.274234234234235,5.084154113614433,BIMAppy10135
51.274234234234235,5.157384849412629,BIMAppy10136
51.274234234234235,5.230615585210825,BIMAppy10137
51.274234234234235,5.30384632100902,BIMAppy10138
51.274234234234235,5.377077056807217,BIMAppy10139
51.274234234234235,5.450307792605412,BIMAppy10140
51.274234234234235,5.523538528403608,BIMAppy10141
51.274234234234235,5.596769264201804,BIMAppy10142
51.274234234234235,5.67,BIMAppy10143
51.274234234234235,5.743230735798196,BIMAppy10144
51.274234234234235,5.816461471596392,BIMAppy10145
51.274234234234235,5.889692207394588,BIMAppy10146
51.274234234234235,5.962922943192783,BIMAppy10147
51.274234234234235,6.0361536789909795,BIMAppy10148
51.274234234234235,6.109384414789175,BIMAppy10149
51.274234234234235,6.182615150587371,BIMAppy10150
51.274234234234235,6.255845886385567,BIMAppy10151
51.274234234234235,6.329076622183763,BIMAppy10152
51.274234234234235,6.402307357981958,BIMAppy10153
51.274234234234235,6.4755380937801545,BIMAppy10154
51.274234234234235,6.54876882957835,BIMAppy10155
51.274234234234235,6.621999565376546,BIMAppy10156
51.274234234234235,6.6952303011747425,BIMAppy10157
51.274234234234235,6.768461036972938,BIMAppy10158
51.274234234234235,6.841691772771133,BIMAppy10159
51.274234234234235,6.9149225085693296,BIMAppy10160
51.274234234234235,6.988153244367526,BIMAppy10161
51.274234234234235,7.061383980165721,BIMAppy10162
51.274234234234235,7.134614715963917,BIMAppy10163
51.31927927927928,4.205385284036083,BIMAppy10164
51.31927927927928,4.278616019834279,BIMAppy10165
51.31927927927928,4.351846755632474,BIMAppy10166
51.31927927927928,4.42507749143067,BIMAppy10167
51.31927927927928,4.498308227228867,BIMAppy10168
51.31927927927928,4.571538963027062,BIMAppy10169
51.31927927927928,4.644769698825257,BIMAppy10170
51.31927927927928,4.718000434623454,BIMAppy10171
51.31927927927928,4.79123117042165,BIMAppy10172
51.31927927927928,4.864461906219845,BIMAppy10173
51.31927927927928,4.937692642018042,BIMAppy10174
51.31927927927928,5.010923377816237,BIMAppy10175
51.31927927927928,5.084154113614433,BIMAppy10176
51.31927927927928,5.157384849412629,BIMAppy10177
51.31927927927928,5.230615585210825,BIMAppy10178
51.31927927927928,5.30384632100902,BIMAppy10179
51.31927927927928,5.377077056807217,BIMAppy10180
51.31927927927928,5.450307792605412,BIMAppy10181
51.31927927927928,5.523538528403608,BIMAppy10182
51.31927927927928,5.596769264201804,BIMAppy10183
51.31927927927928,5.67,BIMAppy10184
51.31927927927928,5.743230735798196,BIMAppy10185
51.31927927927928,5.816461471596392,BIMAppy10186
51.31927927927928,5.889692207394588,BIMAppy10187
51.31927927927928,5.962922943192783,BIMAppy10188
51.31927927927928,6.0361536789909795,BIMAppy10189
51.31927927927928,6.109384414789175,BIMAppy10190
51.31927927927928,6.182615150587371,BIMAppy10191
51.31927927927928,6.255845886385567,BIMAppy10192
51.31927927927928,6.329076622183763,BIMAppy10193
51.31927927927928,6.402307357981958,BIMAppy10194
51.31927927927928,6.4755380937801545,BIMAppy10195
51.31927927927928,6.54876882957835,BIMAppy10196
51.31927927927928,6.621999565376546,BIMAppy10197
51.31927927927928,6.6952303011747425,BIMAppy10198
51.31927927927928,6.768461036972938,BIMAppy10199
51.31927927927928,6.841691772771133,BIMAppy10200
51.31927927927928,6.9149225085693296,BIMAppy10201
51.31927927927928,6.988153244367526,BIMAppy10202
51.31927927927928,7.061383980165721,BIMAppy10203
51.31927927927928,7.134614715963917,BIMAppy10204
51.36432432432432,4.205385284036083,BIMAppy10205
51.36432432432432,4.278616019834279,BIMAppy10206
51.36432432432432,4.351846755632474,BIMAppy10207
51.36432432432432,4.42507749143067,BIMAppy10208
51.36432432432432,4.498308227228867,BIMAppy10209
51.36432432432432,4.571538963027062,BIMAppy10210
51.36432432432432,4.644769698825257,BIMAppy10211
51.36432432432432,4.718000434623454,BIMAppy10212
51.36432432432432,4.79123117042165,BIMAppy10213
51.36432432432432,4.864461906219845,BIMAppy10214
51.36432432432432,4.937692642018042,BIMAppy10215
51.36432432432432,5.010923377816237,BIMAppy10216
51.36432432432432,5.084154113614433,BIMAppy10217
51.36432432432432,5.157384849412629,BIMAppy10218
51.36432432432432,5.230615585210825,BIMAppy10219
51.36432432432432,5.30384632100902,BIMAppy10220
51.36432432432432,5.377077056807217,BIMAppy10221
51.36432432432432,5.450307792605412,BIMAppy10222
51.36432432432432,5.523538528403608,BIMAppy10223
51.36432432432432,5.596769264201804,BIMAppy10224
51.36432432432432,5.67,BIMAppy10225
51.36432432432432,5.743230735798196,BIMAppy10226
51.36432432432432,5.816461471596392,BIMAppy10227
51.36432432432432,5.889692207394588,BIMAppy10228
51.36432432432432,5.962922943192783,BIMAppy10229
51.36432432432432,6.0361536789909795,BIMAppy10230
51.36432432432432,6.109384414789175,BIMAppy10231
51.36432432432432,6.182615150587371,BIMAppy10232
51.36432432432432,6.255845886385567,BIMAppy10233
51.36432432432432,6.329076622183763,BIMAppy10234
51.36432432432432,6.402307357981958,BIMAppy10235
51.36432432432432,6.4755380937801545,BIMAppy10236
51.36432432432432,6.54876882957835,BIMAppy10237
51.36432432432432,6.621999565376546,BIMAppy10238
51.36432432432432,6.6952303011747425,BIMAppy10239
51.36432432432432,6.768461036972938,BIMAppy10240
51.36432432432432,6.841691772771133,BIMAppy10241
51.36432432432432,6.9149225085693296,BIMAppy10242
51.36432432432432,6.988153244367526,BIMAppy10243
51.36432432432432,7.061383980165721,BIMAppy10244
51.36432432432432,7.134614715963917,BIMAppy10245
51.409369369369365,4.205385284036083,BIMAppy10246
51.409369369369365,4.278616019834279,BIMAppy10247
51.409369369369365,4.351846755632474,BIMAppy10248
51.409369369369365,4.42507749143067,BIMAppy10249
51.409369369369365,4.498308227228867,BIMAppy10250
51.409369369369365,4.571538963027062,BIMAppy10251
51.409369369369365,4.644769698825257,BIMAppy10252
51.409369369369365,4.718000434623454,BIMAppy10253
51.409369369369365,4.79123117042165,BIMAppy10254
51.409369369369365,4.864461906219845,BIMAppy10255
51.409369369369365,4.937692642018042,BIMAppy10256
51.409369369369365,5.010923377816237,BIMAppy10257
51.409369369369365,5.084154113614433,BIMAppy10258
51.409369369369365,5.157384849412629,BIMAppy10259
51.409369369369365,5.230615585210825,BIMAppy10260
51.409369369369365,5.30384632100902,BIMAppy10261
51.409369369369365,5.377077056807217,BIMAppy10262
51.409369369369365,5.450307792605412,BIMAppy10263
51.409369369369365,5.523538528403608,BIMAppy10264
51.409369369369365,5.596769264201804,BIMAppy10265
51.409369369369365,5.67,BIMAppy10266
51.409369369369365,5.743230735798196,BIMAppy10267
51.409369369369365,5.816461471596392,BIMAppy10268
51.409369369369365,5.889692207394588,BIMAppy10269
51.409369369369365,5.962922943192783,BIMAppy10270
51.409369369369365,6.0361536789909795,BIMAppy10271
51.409369369369365,6.109384414789175,BIMAppy10272
51.409369369369365,6.182615150587371,BIMAppy10273
51.409369369369365,6.255845886385567,BIMAppy10274
51.409369369369365,6.329076622183763,BIMAppy10275
51.409369369369365,6.402307357981958,BIMAppy10276
51.409369369369365,6.4755380937801545,BIMAppy10277
51.409369369369365,6.54876882957835,BIMAppy10278
51.409369369369365,6.621999565376546,BIMAppy10279
51.409369369369365,6.6952303011747425,BIMAppy10280
51.409369369369365,6.768461036972938,BIMAppy10281
51.409369369369365,6.841691772771133,BIMAppy10282
51.409369369369365,6.9149225085693296,BIMAppy10283
51.409369369369365,6.988153244367526,BIMAppy10284
51.409369369369365,7.061383980165721,BIMAppy10285
51.409369369369365,7.134614715963917,BIMAppy10286
51.454414414414416,4.205385284036083,BIMAppy10287
51.454414414414416,4.278616019834279,BIMAppy10288
51.454414414414416,4.351846755632474,BIMAppy10289
51.454414414414416,4.42507749143067,BIMAppy10290
51.454414414414416,4.498308227228867,BIMAppy10291
51.454414414414416,4.571538963027062,BIMAppy10292
51.454414414414416,4.644769698825257,BIMAppy10293
51.454414414414416,4.718000434623454,BIMAppy10294
51.454414414414416,4.79123117042165,BIMAppy10295
51.454414414414416,4.864461906219845,BIMAppy10296
51.454414414414416,4.937692642018042,BIMAppy10297
51.454414414414416,5.010923377816237,BIMAppy10298
51.454414414414416,5.084154113614433,BIMAppy10299
51.454414414414416,5.157384849412629,BIMAppy10300
51.454414414414416,5.230615585210825,BIMAppy10301
51.454414414414416,5.30384632100902,BIMAppy10302
51.454414414414416,5.377077056807217,BIMAppy10303
51.454414414414416,5.450307792605412,BIMAppy10304
51.454414414414416,5.523538528403608,BIMAppy10305
51.454414414414416,5.596769264201804,BIMAppy10306
51.454414414414416,5.67,BIMAppy10307
51.454414414414416,5.743230735798196,BIMAppy10308
51.454414414414416,5.816461471596392,BIMAppy10309
51.454414414414416,5.889692207394588,BIMAppy10310
51.454414414414416,5.962922943192783,BIMAppy10311
51.454414414414416,6.0361536789909795,BIMAppy10312
51.454414414414416,6.109384414789175,BIMAppy10313
51.454414414414416,6.182615150587371,BIMAppy10314
51.454414414414416,6.255845886385567,BIMAppy10315
51.454414414414416,6.329076622183763,BIMAppy10316
51.454414414414416,6.402307357981958,BIMAppy10317
51.454414414414416,6.4755380937801545,BIMAppy10318
51.454414414414416,6.54876882957835,BIMAppy10319
51.454414414414416,6.621999565376546,BIMAppy10320
51.454414414414416,6.6952303011747425,BIMAppy10321
51.454414414414416,6.768461036972938,BIMAppy10322
51.454414414414416,6.841691772771133,BIMAppy10323
51.454414414414416,6.9149225085693296,BIMAppy10324
51.454414414414416,6.988153244367526,BIMAppy10325
51.454414414414416,7.061383980165721,BIMAppy10326
51.454414414414416,7.134614715963917,BIMAppy10327
51.49945945945946,4.205385284036083,BIMAppy10328
51.49945945945946,4.278616019834279,BIMAppy10329
51.49945945945946,4.351846755632474,BIMAppy10330
51.49945945945946,4.42507749143067,BIMAppy10331
51.49945945945946,4.498308227228867,BIMAppy10332
51.49945945945946,4.571538963027062,BIMAppy10333
51.49945945945946,4.644769698825257,BIMAppy10334
51.49945945945946,4.718000434623454,BIMAppy10335
51.49945945945946,4.79123117042165,BIMAppy10336
51.49945945945946,4.864461906219845,BIMAppy10337
51.49945945945946,4.937692642018042,BIMAppy10338
51.49945945945946,5.010923377816237,BIMAppy10339
51.49945945945946,5.084154113614433,BIMAppy10340
51.49945945945946,5.157384849412629,BIMAppy10341
51.49945945945946,5.230615585210825,BIMAppy10342
51.49945945945946,5.30384632100902,BIMAppy10343
51.49945945945946,5.377077056807217,BIMAppy10344
51.49945945945946,5.450307792605412,BIMAppy10345
51.49945945945946,5.523538528403608,BIMAppy10346
51.49945945945946,5.596769264201804,BIMAppy10347
51.49945945945946,5.67,BIMAppy10348
51.49945945945946,5.743230735798196,BIMAppy10349
51.49945945945946,5.816461471596392,BIMAppy10350
51.49945945945946,5.889692207394588,BIMAppy10351
51.49945945945946,5.962922943192783,BIMAppy10352
51.49945945945946,6.0361536789909795,BIMAppy10353
51.49945945945946,6.109384414789175,BIMAppy10354
51.49945945945946,6.182615150587371,BIMAppy10355
51.49945945945946,6.255845886385567,BIMAppy10356
51.49945945945946,6.329076622183763,BIMAppy10357
51.49945945945946,6.402307357981958,BIMAppy10358
51.49945945945946,6.4755380937801545,BIMAppy10359
51.49945945945946,6.54876882957835,BIMAppy10360
51.49945945945946,6.621999565376546,BIMAppy10361
51.49945945945946,6.6952303011747425,BIMAppy10362
51.49945945945946,6.768461036972938,BIMAppy10363
51.49945945945946,6.841691772771133,BIMAppy10364
51.49945945945946,6.9149225085693296,BIMAppy10365
51.49945945945946,6.988153244367526,BIMAppy10366
51.49945945945946,7.061383980165721,BIMAppy10367
51.49945945945946,7.134614715963917,BIMAppy10368
51.5445045045045,4.205385284036083,BIMAppy10369
51.5445045045045,4.278616019834279,BIMAppy10370
51.5445045045045,4.351846755632474,BIMAppy10371
51.5445045045045,4.42507749143067,BIMAppy10372
51.5445045045045,4.498308227228867,BIMAppy10373
51.5445045045045,4.571538963027062,BIMAppy10374
51.5445045045045,4.644769698825257,BIMAppy10375
51.5445045045045,4.718000434623454,BIMAppy10376
51.5445045045045,4.79123117042165,BIMAppy10377
51.5445045045045,4.864461906219845,BIMAppy10378
51.5445045045045,4.937692642018042,BIMAppy10379
51.5445045045045,5.010923377816237,BIMAppy10380
51.5445045045045,5.084154113614433,BIMAppy10381
51.5445045045045,5.157384849412629,BIMAppy10382
51.5445045045045,5.230615585210825,BIMAppy10383
51.5445045045045,5.30384632100902,BIMAppy10384
51.5445045045045,5.377077056807217,BIMAppy10385
51.5445045045045,5.450307792605412,BIMAppy10386
51.5445045045045,5.523538528403608,BIMAppy10387
51.5445045045045,5.596769264201804,BIMAppy10388
51.5445045045045,5.67,BIMAppy10389
51.5445045045045,5.743230735798196,BIMAppy10390
51.5445045045045,5.816461471596392,BIMAppy10391
51.5445045045045,5.889692207394588,BIMAppy10392
51.5445045045045,5.962922943192783,BIMAppy10393
51.5445045045045,6.0361536789909795,BIMAppy10394
51.5445045045045,6.109384414789175,BIMAppy10395
51.5445045045045,6.182615150587371,BIMAppy10396
51.5445045045045,6.255845886385567,BIMAppy10397
51.5445045045045,6.329076622183763,BIMAppy10398
51.5445045045045,6.402307357981958,BIMAppy10399
51.5445045045045,6.4755380937801545,BIMAppy10400
51.5445045045045,6.54876882957835,BIMAppy10401
51.5445045045045,6.621999565376546,BIMAppy10402
51.5445045045045,6.6952303011747425,BIMAppy10403
51.5445045045045,6.768461036972938,BIMAppy10404
51.5445045045045,6.841691772771133,BIMAppy10405
51.5445045045045,6.9149225085693296,BIMAppy10406
51.5445045045045,6.988153244367526,BIMAppy10407
51.5445045045045,7.061383980165721,BIMAppy10408
51.5445045045045,7.134614715963917,BIMAppy10409
51.589549549549545,4.205385284036083,BIMAppy10410
51.589549549549545,4.278616019834279,BIMAppy10411
51.589549549549545,4.351846755632474,BIMAppy10412
51.589549549549545,4.42507749143067,BIMAppy10413
51.589549549549545,4.498308227228867,BIMAppy10414
51.589549549549545,4.571538963027062,BIMAppy10415
51.589549549549545,4.644769698825257,BIMAppy10416
51.589549549549545,4.718000434623454,BIMAppy10417
51.589549549549545,4.79123117042165,BIMAppy10418
51.589549549549545,4.864461906219845,BIMAppy10419
51.589549549549545,4.937692642018042,BIMAppy10420
51.589549549549545,5.010923377816237,BIMAppy10421
51.589549549549545,5.084154113614433,BIMAppy10422
51.589549549549545,5.157384849412629,BIMAppy10423
51.589549549549545,5.230615585210825,BIMAppy10424
51.589549549549545,5.30384632100902,BIMAppy10425
51.589549549549545,5.377077056807217,BIMAppy10426
51.589549549549545,5.450307792605412,BIMAppy10427
51.589549549549545,5.523538528403608,BIMAppy10428
51.589549549549545,5.596769264201804,BIMAppy10429
51.589549549549545,5.67,BIMAppy10430
51.589549549549545,5.743230735798196,BIMAppy10431
51.589549549549545,5.816461471596392,BIMAppy10432
51.589549549549545,5.889692207394588,BIMAppy10433
51.589549549549545,5.962922943192783,BIMAppy10434
51.589549549549545,6.0361536789909795,BIMAppy10435
51.589549549549545,6.109384414789175,BIMAppy10436
51.589549549549545,6.182615150587371,BIMAppy10437
51.589549549549545,6.255845886385567,BIMAppy10438
51.589549549549545,6.329076622183763,BIMAppy10439
51.589549549549545,6.402307357981958,BIMAppy10440
51.589549549549545,6.4755380937801545,BIMAppy10441
51.589549549549545,6.54876882957835,BIMAppy10442
51.589549549549545,6.621999565376546,BIMAppy10443
51.589549549549545,6.6952303011747425,BIMAppy10444
51.589549549549545,6.768461036972938,BIMAppy10445
51.589549549549545,6.841691772771133,BIMAppy10446
51.589549549549545,6.9149225085693296,BIMAppy10447
51.589549549549545,6.988153244367526,BIMAppy10448
51.589549549549545,7.061383980165721,BIMAppy10449
51.589549549549545,7.134614715963917,BIMAppy10450
51.634594594594596,4.205385284036083,BIMAppy10451
51.634594594594596,4.278616019834279,BIMAppy10452
51.634594594594596,4.351846755632474,BIMAppy10453
51.634594594594596,4.42507749143067,BIMAppy10454
51.634594594594596,4.498308227228867,BIMAppy10455
51.634594594594596,4.571538963027062,BIMAppy10456
51.634594594594596,4.644769698825257,BIMAppy10457
51.634594594594596,4.718000434623454,BIMAppy10458
51.634594594594596,4.79123117042165,BIMAppy10459
51.634594594594596,4.864461906219845,BIMAppy10460
51.634594594594596,4.937692642018042,BIMAppy10461
51.634594594594596,5.010923377816237,BIMAppy10462
51.634594594594596,5.084154113614433,BIMAppy10463
51.634594594594596,5.157384849412629,BIMAppy10464
51.634594594594596,5.230615585210825,BIMAppy10465
51.634594594594596,5.30384632100902,BIMAppy10466
51.634594594594596,5.377077056807217,BIMAppy10467
51.634594594594596,5.450307792605412,BIMAppy10468
51.634594594594596,5.523538528403608,BIMAppy10469
51.634594594594596,5.596769264201804,BIMAppy10470
51.634594594594596,5.67,BIMAppy10471
51.634594594594596,5.743230735798196,BIMAppy10472
51.634594594594596,5.816461471596392,BIMAppy10473
51.634594594594596,5.889692207394588,BIMAppy10474
51.634594594594596,5.962922943192783,BIMAppy10475
51.634594594594596,6.0361536789909795,BIMAppy10476
51.634594594594596,6.109384414789175,BIMAppy10477
51.634594594594596,6.182615150587371,BIMAppy10478
51.634594594594596,6.255845886385567,BIMAppy10479
51.634594594594596,6.329076622183763,BIMAppy10480
51.634594594594596,6.402307357981958,BIMAppy10481
51.634594594594596,6.4755380937801545,BIMAppy10482
51.634594594594596,6.54876882957835,BIMAppy10483
51.634594594594596,6.621999565376546,BIMAppy10484
51.634594594594596,6.6952303011747425,BIMAppy10485
51.634594594594596,6.768461036972938,BIMAppy10486
51.634594594594596,6.841691772771133,BIMAppy10487
51.634594594594596,6.9149225085693296,BIMAppy10488
51.634594594594596,6.988153244367526,BIMAppy10489
51.634594594594596,7.061383980165721,BIMAppy10490
51.634594594594596,7.134614715963917,BIMAppy10491
51.67963963963964,4.205385284036083,BIMAppy10492
51.67963963963964,4.278616019834279,BIMAppy10493
51.67963963963964,4.351846755632474,BIMAppy10494
51.67963963963964,4.42507749143067,BIMAppy10495
51.67963963963964,4.498308227228867,BIMAppy10496
51.67963963963964,4.571538963027062,BIMAppy10497
51.67963963963964,4.644769698825257,BIMAppy10498
51.67963963963964,4.718000434623454,BIMAppy10499
51.67963963963964,4.79123117042165,BIMAppy10500
51.67963963963964,4.864461906219845,BIMAppy10501
51.67963963963964,4.937692642018042,BIMAppy10502
51.67963963963964,5.010923377816237,BIMAppy10503
51.67963963963964,5.084154113614433,BIMAppy10504
51.67963963963964,5.157384849412629,BIMAppy10505
51.67963963963964,5.230615585210825,BIMAppy10506
51.67963963963964,5.30384632100902,BIMAppy10507
51.67963963963964,5.377077056807217,BIMAppy10508
51.67963963963964,5.450307792605412,BIMAppy10509
51.67963963963964,5.523538528403608,BIMAppy10510
51.67963963963964,5.596769264201804,BIMAppy10511
51.67963963963964,5.67,BIMAppy10512
51.67963963963964,5.743230735798196,BIMAppy10513
51.67963963963964,5.816461471596392,BIMAppy10514
51.67963963963964,5.889692207394588,BIMAppy10515
51.67963963963964,5.962922943192783,BIMAppy10516
51.67963963963964,6.0361536789909795,BIMAppy10517
51.67963963963964,6.109384414789175,BIMAppy10518
51.67963963963964,6.182615150587371,BIMAppy10519
51.67963963963964,6.255845886385567,BIMAppy10520
51.67963963963964,6.329076622183763,BIMAppy10521
51.67963963963964,6.402307357981958,BIMAppy10522
51.67963963963964,6.4755380937801545,BIMAppy10523
51.67963963963964,6.54876882957835,BIMAppy10524
51.67963963963964,6.621999565376546,BIMAppy10525
51.67963963963964,6.6952303011747425,BIMAppy10526
51.67963963963964,6.768461036972938,BIMAppy10527
51.67963963963964,6.841691772771133,BIMAppy10528
51.67963963963964,6.9149225085693296,BIMAppy10529
51.67963963963964,6.988153244367526,BIMAppy10530
51.67963963963964,7.061383980165721,BIMAppy10531
51.67963963963964,7.134614715963917,BIMAppy10532
51.72468468468468,4.205385284036083,BIMAppy10533
51.72468468468468,4.278616019834279,BIMAppy10534
51.72468468468468,4.351846755632474,BIMAppy10535
51.72468468468468,4.42507749143067,BIMAppy10536
51.72468468468468,4.498308227228867,BIMAppy10537
51.72468468468468,4.571538963027062,BIMAppy10538
51.72468468468468,4.644769698825257,BIMAppy10539
51.72468468468468,4.718000434623454,BIMAppy10540
51.72468468468468,4.79123117042165,BIMAppy10541
51.72468468468468,4.864461906219845,BIMAppy10542
51.72468468468468,4.937692642018042,BIMAppy10543
51.72468468468468,5.010923377816237,BIMAppy10544
51.72468468468468,5.084154113614433,BIMAppy10545
51.72468468468468,5.157384849412629,BIMAppy10546
51.72468468468468,5.230615585210825,BIMAppy10547
51.72468468468468,5.30384632100902,BIMAppy10548
51.72468468468468,5.377077056807217,BIMAppy10549
51.72468468468468,5.450307792605412,BIMAppy10550
51.72468468468468,5.523538528403608,BIMAppy10551
51.72468468468468,5.596769264201804,BIMAppy10552
51.72468468468468,5.67,BIMAppy10553
51.72468468468468,5.743230735798196,BIMAppy10554
51.72468468468468,5.816461471596392,BIMAppy10555
51.72468468468468,5.889692207394588,BIMAppy10556
51.72468468468468,5.962922943192783,BIMAppy10557
51.72468468468468,6.0361536789909795,BIMAppy10558
51.72468468468468,6.109384414789175,BIMAppy10559
51.72468468468468,6.182615150587371,BIMAppy10560
51.72468468468468,6.255845886385567,BIMAppy10561
51.72468468468468,6.329076622183763,BIMAppy10562
51.72468468468468,6.402307357981958,BIMAppy10563
51.72468468468468,6.4755380937801545,BIMAppy10564
51.72468468468468,6.54876882957835,BIMAppy10565
51.72468468468468,6.621999565376546,BIMAppy10566
51.72468468468468,6.6952303011747425,BIMAppy10567
51.72468468468468,6.768461036972938,BIMAppy10568
51.72468468468468,6.841691772771133,BIMAppy10569
51.72468468468468,6.9149225085693296,BIMAppy10570
51.72468468468468,6.988153244367526,BIMAppy10571
51.72468468468468,7.061383980165721,BIMAppy10572
51.72468468468468,7.134614715963917,BIMAppy10573
51.769729729729725,4.205385284036083,BIMAppy10574
51.769729729729725,4.278616019834279,BIMAppy10575
51.769729729729725,4.351846755632474,BIMAppy10576
51.769729729729725,4.42507749143067,BIMAppy10577
51.769729729729725,4.498308227228867,BIMAppy10578
51.769729729729725,4.571538963027062,BIMAppy10579
51.769729729729725,4.644769698825257,BIMAppy10580
51.769729729729725,4.718000434623454,BIMAppy10581
51.769729729729725,4.79123117042165,BIMAppy10582
51.769729729729725,4.864461906219845,BIMAppy10583
51.769729729729725,4.937692642018042,BIMAppy10584
51.769729729729725,5.010923377816237,BIMAppy10585
51.769729729729725,5.084154113614433,BIMAppy10586
51.769729729729725,5.157384849412629,BIMAppy10587
51.769729729729725,5.230615585210825,BIMAppy10588
51.769729729729725,5.30384632100902,BIMAppy10589
51.769729729729725,5.377077056807217,BIMAppy10590
51.769729729729725,5.450307792605412,BIMAppy10591
51.769729729729725,5.523538528403608,BIMAppy10592
51.769729729729725,5.596769264201804,BIMAppy10593
51.769729729729725,5.67,BIMAppy10594
51.769729729729725,5.743230735798196,BIMAppy10595
51.769729729729725,5.816461471596392,BIMAppy10596
51.769729729729725,5.889692207394588,BIMAppy10597
51.769729729729725,5.962922943192783,BIMAppy10598
51.769729729729725,6.0361536789909795,BIMAppy10599
51.769729729729725,6.109384414789175,BIMAppy10600
51.769729729729725,6.182615150587371,BIMAppy10601
51.769729729729725,6.255845886385567,BIMAppy10602
51.769729729729725,6.329076622183763,BIMAppy10603
51.769729729729725,6.402307357981958,BIMAppy10604
51.769729729729725,6.4755380937801545,BIMAppy10605
51.769729729729725,6.54876882957835,BIMAppy10606
51.769729729729725,6.621999565376546,BIMAppy10607
51.769729729729725,6.6952303011747425,BIMAppy10608
51.769729729729725,6.768461036972938,BIMAppy10609
51.769729729729725,6.841691772771133,BIMAppy10610
51.769729729729725,6.9149225085693296,BIMAppy10611
51.769729729729725,6.988153244367526,BIMAppy10612
51.769729729729725,7.061383980165721,BIMAppy10613
51.769729729729725,7.134614715963917,BIMAppy10614
51.814774774774776,4.205385284036083,BIMAppy10615
51.814774774774776,4.278616019834279,BIMAppy10616
51.814774774774776,4.351846755632474,BIMAppy10617
51.814774774774776,4.42507749143067,BIMAppy10618
51.814774774774776,4.498308227228867,BIMAppy10619
51.814774774774776,4.571538963027062,BIMAppy10620
51.814774774774776,4.644769698825257,BIMAppy10621
51.814774774774776,4.718000434623454,BIMAppy10622
51.814774774774776,4.79123117042165,BIMAppy10623
51.814774774774776,4.864461906219845,BIMAppy10624
51.814774774774776,4.937692642018042,BIMAppy10625
51.814774774774776,5.010923377816237,BIMAppy10626
51.814774774774776,5.084154113614433,BIMAppy10627
51.814774774774776,5.157384849412629,BIMAppy10628
51.814774774774776,5.230615585210825,BIMAppy10629
51.814774774774776,5.30384632100902,BIMAppy10630
51.814774774774776,5.377077056807217,BIMAppy10631
51.814774774774776,5.450307792605412,BIMAppy10632
51.814774774774776,5.523538528403608,BIMAppy10633
51.814774774774776,5.596769264201804,BIMAppy10634
51.814774774774776,5.67,BIMAppy10635
51.814774774774776,5.743230735798196,BIMAppy10636
51.814774774774776,5.816461471596392,BIMAppy10637
51.814774774774776,5.889692207394588,BIMAppy10638
51.814774774774776,5.962922943192783,BIMAppy10639
51.814774774774776,6.0361536789909795,BIMAppy10640
51.814774774774776,6.109384414789175,BIMAppy10641
51.814774774774776,6.182615150587371,BIMAppy10642
51.814774774774776,6.255845886385567,BIMAppy10643
51.814774774774776,6.329076622183763,BIMAppy10644
51.814774774774776,6.402307357981958,BIMAppy10645
51.814774774774776,6.4755380937801545,BIMAppy10646
51.814774774774776,6.54876882957835,BIMAppy10647
51.814774774774776,6.621999565376546,BIMAppy10648
51.814774774774776,6.6952303011747425,BIMAppy10649
51.814774774774776,6.768461036972938,BIMAppy10650
51.814774774774776,6.841691772771133,BIMAppy10651
51.814774774774776,6.9149225085693296,BIMAppy10652
51.814774774774776,6.988153244367526,BIMAppy10653
51.814774774774776,7.061383980165721,BIMAppy10654
51.814774774774776,7.134614715963917,BIMAppy10655
51.85981981981982,4.205385284036083,BIMAppy10656
51.85981981981982,4.278616019834279,BIMAppy10657
51.85981981981982,4.351846755632474,BIMAppy10658
51.85981981981982,4.42507749143067,BIMAppy10659
51.85981981981982,4.498308227228867,BIMAppy10660
51.85981981981982,4.571538963027062,BIMAppy10661
51.85981981981982,4.644769698825257,BIMAppy10662
51.85981981981982,4.718000434623454,BIMAppy10663
51.85981981981982,4.79123117042165,BIMAppy10664
51.85981981981982,4.864461906219845,BIMAppy10665
51.85981981981982,4.937692642018042,BIMAppy10666
51.85981981981982,5.010923377816237,BIMAppy10667
51.85981981981982,5.084154113614433,BIMAppy10668
51.85981981981982,5.157384849412629,BIMAppy10669
51.85981981981982,5.230615585210825,BIMAppy10670
51.85981981981982,5.30384632100902,BIMAppy10671
51.85981981981982,5.377077056807217,BIMAppy10672
51.85981981981982,5.450307792605412,BIMAppy10673
51.85981981981982,5.523538528403608,BIMAppy10674
51.85981981981982,5.596769264201804,BIMAppy10675
51.85981981981982,5.67,BIMAppy10676
51.85981981981982,5.743230735798196,BIMAppy10677
51.85981981981982,5.816461471596392,BIMAppy10678
51.85981981981982,5.889692207394588,BIMAppy10679
51.85981981981982,5.962922943192783,BIMAppy10680
51.85981981981982,6.0361536789909795,BIMAppy10681
51.85981981981982,6.109384414789175,BIMAppy10682
51.85981981981982,6.182615150587371,BIMAppy10683
51.85981981981982,6.255845886385567,BIMAppy10684
51.85981981981982,6.329076622183763,BIMAppy10685
51.85981981981982,6.402307357981958,BIMAppy10686
51.85981981981982,6.4755380937801545,BIMAppy10687
51.85981981981982,6.54876882957835,BIMAppy10688
51.85981981981982,6.621999565376546,BIMAppy10689
51.85981981981982,6.6952303011747425,BIMAppy10690
51.85981981981982,6.768461036972938,BIMAppy10691
51.85981981981982,6.841691772771133,BIMAppy10692
51.85981981981982,6.9149225085693296,BIMAppy10693
51.85981981981982,6.988153244367526,BIMAppy10694
51.85981981981982,7.061383980165721,BIMAppy10695
51.85981981981982,7.134614715963917,BIMAppy10696
51.90486486486486,4.205385284036083,BIMAppy10697
51.90486486486486,4.278616019834279,BIMAppy10698
51.90486486486486,4.351846755632474,BIMAppy10699
51.90486486486486,4.42507749143067,BIMAppy10700
51.90486486486486,4.498308227228867,BIMAppy10701
51.90486486486486,4.571538963027062,BIMAppy10702
51.90486486486486,4.644769698825257,BIMAppy10703
51.90486486486486,4.718000434623454,BIMAppy10704
51.90486486486486,4.79123117042165,BIMAppy10705
51.90486486486486,4.864461906219845,BIMAppy10706
51.90486486486486,4.937692642018042,BIMAppy10707
51.90486486486486,5.010923377816237,BIMAppy10708
51.90486486486486,5.084154113614433,BIMAppy10709
51.90486486486486,5.157384849412629,BIMAppy10710
51.90486486486486,5.230615585210825,BIMAppy10711
51.90486486486486,5.30384632100902,BIMAppy10712
51.90486486486486,5.377077056807217,BIMAppy10713
51.90486486486486,5.450307792605412,BIMAppy10714
51.90486486486486,5.523538528403608,BIMAppy10715
51.90486486486486,5.596769264201804,BIMAppy10716
51.90486486486486,5.67,BIMAppy10717
51.90486486486486,5.743230735798196,BIMAppy10718
51.90486486486486,5.816461471596392,BIMAppy10719
51.90486486486486,5.889692207394588,BIMAppy10720
51.90486486486486,5.962922943192783,BIMAppy10721
51.90486486486486,6.0361536789909795,BIMAppy10722
51.90486486486486,6.109384414789175,BIMAppy10723
51.90486486486486,6.182615150587371,BIMAppy10724
51.90486486486486,6.255845886385567,BIMAppy10725
51.90486486486486,6.329076622183763,BIMAppy10726
51.90486486486486,6.402307357981958,BIMAppy10727
51.90486486486486,6.4755380937801545,BIMAppy10728
51.90486486486486,6.54876882957835,BIMAppy10729
51.90486486486486,6.621999565376546,BIMAppy10730
51.90486486486486,6.6952303011747425,BIMAppy10731
51.90486486486486,6.768461036972938,BIMAppy10732
51.90486486486486,6.841691772771133,BIMAppy10733
51.90486486486486,6.9149225085693296,BIMAppy10734
51.90486486486486,6.988153244367526,BIMAppy10735
51.90486486486486,7.061383980165721,BIMAppy10736
51.90486486486486,7.134614715963917,BIMAppy10737
51.949909909909906,4.205385284036083,BIMAppy10738
51.949909909909906,4.278616019834279,BIMAppy10739
51.949909909909906,4.351846755632474,BIMAppy10740
51.949909909909906,4.42507749143067,BIMAppy10741
51.949909909909906,4.498308227228867,BIMAppy10742
51.949909909909906,4.571538963027062,BIMAppy10743
51.949909909909906,4.644769698825257,BIMAppy10744
51.949909909909906,4.718000434623454,BIMAppy10745
51.949909909909906,4.79123117042165,BIMAppy10746
51.949909909909906,4.864461906219845,BIMAppy10747
51.949909909909906,4.937692642018042,BIMAppy10748
51.949909909909906,5.010923377816237,BIMAppy10749
51.949909909909906,5.084154113614433,BIMAppy10750
51.949909909909906,5.157384849412629,BIMAppy10751
51.949909909909906,5.230615585210825,BIMAppy10752
51.949909909909906,5.30384632100902,BIMAppy10753
51.949909909909906,5.377077056807217,BIMAppy10754
51.949909909909906,5.450307792605412,BIMAppy10755
51.949909909909906,5.523538528403608,BIMAppy10756
51.949909909909906,5.596769264201804,BIMAppy10757
51.949909909909906,5.67,BIMAppy10758
51.949909909909906,5.743230735798196,BIMAppy10759
51.949909909909906,5.816461471596392,BIMAppy10760
51.949909909909906,5.889692207394588,BIMAppy10761
51.949909909909906,5.962922943192783,BIMAppy10762
51.949909909909906,6.0361536789909795,BIMAppy10763
51.949909909909906,6.109384414789175,BIMAppy10764
51.949909909909906,6.182615150587371,BIMAppy10765
51.949909909909906,6.255845886385567,BIMAppy10766
51.949909909909906,6.329076622183763,BIMAppy10767
51.949909909909906,6.402307357981958,BIMAppy10768
51.949909909909906,6.4755380937801545,BIMAppy10769
51.949909909909906,6.54876882957835,BIMAppy10770
51.949909909909906,6.621999565376546,BIMAppy10771
51.949909909909906,6.6952303011747425,BIMAppy10772
51.949909909909906,6.768461036972938,BIMAppy10773
51.949909909909906,6.841691772771133,BIMAppy10774
51.949909909909906,6.9149225085693296,BIMAppy10775
51.949909909909906,6.988153244367526,BIMAppy10776
51.949909909909906,7.061383980165721,BIMAppy10777
51.949909909909906,7.134614715963917,BIMAppy10778
51.994954954954956,4.205385284036083,BIMAppy10779
51.994954954954956,4.278616019834279,BIMAppy10780
51.994954954954956,4.351846755632474,BIMAppy10781
51.994954954954956,4.42507749143067,BIMAppy10782
51.994954954954956,4.498308227228867,BIMAppy10783
51.994954954954956,4.571538963027062,BIMAppy10784
51.994954954954956,4.644769698825257,BIMAppy10785
51.994954954954956,4.718000434623454,BIMAppy10786
51.994954954954956,4.79123117042165,BIMAppy10787
51.994954954954956,4.864461906219845,BIMAppy10788
51.994954954954956,4.937692642018042,BIMAppy10789
51.994954954954956,5.010923377816237,BIMAppy10790
51.994954954954956,5.084154113614433,BIMAppy10791
51.994954954954956,5.157384849412629,BIMAppy10792
51.994954954954956,5.230615585210825,BIMAppy10793
51.994954954954956,5.30384632100902,BIMAppy10794
51.994954954954956,5.377077056807217,BIMAppy10795
51.994954954954956,5.450307792605412,BIMAppy10796
51.994954954954956,5.523538528403608,BIMAppy10797
51.994954954954956,5.596769264201804,BIMAppy10798
51.994954954954956,5.67,BIMAppy10799
51.994954954954956,5.743230735798196,BIMAppy10800
51.994954954954956,5.816461471596392,BIMAppy10801
51.994954954954956,5.889692207394588,BIMAppy10802
51.994954954954956,5.962922943192783,BIMAppy10803
51.994954954954956,6.0361536789909795,BIMAppy10804
51.994954954954956,6.109384414789175,BIMAppy10805
51.994954954954956,6.182615150587371,BIMAppy10806
51.994954954954956,6.255845886385567,BIMAppy10807
51.994954954954956,6.329076622183763,BIMAppy10808
51.994954954954956,6.402307357981958,BIMAppy10809
51.994954954954956,6.4755380937801545,BIMAppy10810
51.994954954954956,6.54876882957835,BIMAppy10811
51.994954954954956,6.621999565376546,BIMAppy10812
51.994954954954956,6.6952303011747425,BIMAppy10813
51.994954954954956,6.768461036972938,BIMAppy10814
51.994954954954956,6.841691772771133,BIMAppy10815
51.994954954954956,6.9149225085693296,BIMAppy10816
51.994954954954956,6.988153244367526,BIMAppy10817
51.994954954954956,7.061383980165721,BIMAppy10818
51.994954954954956,7.134614715963917,BIMAppy10819
52.04,4.205385284036083,BIMAppy10820
52.04,4.278616019834279,BIMAppy10821
52.04,4.351846755632474,BIMAppy10822
52.04,4.42507749143067,BIMAppy10823
52.04,4.498308227228867,BIMAppy10824
52.04,4.571538963027062,BIMAppy10825
52.04,4.644769698825257,BIMAppy10826
52.04,4.718000434623454,BIMAppy10827
52.04,4.79123117042165,BIMAppy10828
52.04,4.864461906219845,BIMAppy10829
52.04,4.937692642018042,BIMAppy10830
52.04,5.010923377816237,BIMAppy10831
52.04,5.084154113614433,BIMAppy10832
52.04,5.157384849412629,BIMAppy10833
52.04,5.230615585210825,BIMAppy10834
52.04,5.30384632100902,BIMAppy10835
52.04,5.377077056807217,BIMAppy10836
52.04,5.450307792605412,BIMAppy10837
52.04,5.523538528403608,BIMAppy10838
52.04,5.596769264201804,BIMAppy10839
52.04,5.67,BIMAppy10840
52.04,5.743230735798196,BIMAppy10841
52.04,5.816461471596392,BIMAppy10842
52.04,5.889692207394588,BIMAppy10843
52.04,5.962922943192783,BIMAppy10844
52.04,6.0361536789909795,BIMAppy10845
52.04,6.109384414789175,BIMAppy10846
52.04,6.182615150587371,BIMAppy10847
52.04,6.255845886385567,BIMAppy10848
52.04,6.329076622183763,BIMAppy10849
52.04,6.402307357981958,BIMAppy10850
52.04,6.4755380937801545,BIMAppy10851
52.04,6.54876882957835,BIMAppy10852
52.04,6.621999565376546,BIMAppy10853
52.04,6.6952303011747425,BIMAppy10854
52.04,6.768461036972938,BIMAppy10855
52.04,6.841691772771133,BIMAppy10856
52.04,6.9149225085693296,BIMAppy10857
52.04,6.988153244367526,BIMAppy10858
52.04,7.061383980165721,BIMAppy10859
52.04,7.134614715963917,BIMAppy10860
52.08504504504504,4.205385284036083,BIMAppy10861
52.08504504504504,4.278616019834279,BIMAppy10862
52.08504504504504,4.351846755632474,BIMAppy10863
52.08504504504504,4.42507749143067,BIMAppy10864
52.08504504504504,4.498308227228867,BIMAppy10865
52.08504504504504,4.571538963027062,BIMAppy10866
52.08504504504504,4.644769698825257,BIMAppy10867
52.08504504504504,4.718000434623454,BIMAppy10868
52.08504504504504,4.79123117042165,BIMAppy10869
52.08504504504504,4.864461906219845,BIMAppy10870
52.08504504504504,4.937692642018042,BIMAppy10871
52.08504504504504,5.010923377816237,BIMAppy10872
52.08504504504504,5.084154113614433,BIMAppy10873
52.08504504504504,5.157384849412629,BIMAppy10874
52.08504504504504,5.230615585210825,BIMAppy10875
52.08504504504504,5.30384632100902,BIMAppy10876
52.08504504504504,5.377077056807217,BIMAppy10877
52.08504504504504,5.450307792605412,BIMAppy10878
52.08504504504504,5.523538528403608,BIMAppy10879
52.08504504504504,5.596769264201804,BIMAppy10880
52.08504504504504,5.67,BIMAppy10881
52.08504504504504,5.743230735798196,BIMAppy10882
52.08504504504504,5.816461471596392,BIMAppy10883
52.08504504504504,5.889692207394588,BIMAppy10884
52.08504504504504,5.962922943192783,BIMAppy10885
52.08504504504504,6.0361536789909795,BIMAppy10886
52.08504504504504,6.109384414789175,BIMAppy10887
52.08504504504504,6.182615150587371,BIMAppy10888
52.08504504504504,6.255845886385567,BIMAppy10889
52.08504504504504,6.329076622183763,BIMAppy10890
52.08504504504504,6.402307357981958,BIMAppy10891
52.08504504504504,6.4755380937801545,BIMAppy10892
52.08504504504504,6.54876882957835,BIMAppy10893
52.08504504504504,6.621999565376546,BIMAppy10894
52.08504504504504,6.6952303011747425,BIMAppy10895
52.08504504504504,6.768461036972938,BIMAppy10896
52.08504504504504,6.841691772771133,BIMAppy10897
52.08504504504504,6.9149225085693296,BIMAppy10898
52.08504504504504,6.988153244367526,BIMAppy10899
52.08504504504504,7.061383980165721,BIMAppy10900
52.08504504504504,7.134614715963917,BIMAppy10901
52.13009009009009,4.205385284036083,BIMAppy10902
52.13009009009009,4.278616019834279,BIMAppy10903
52.13009009009009,4.351846755632474,BIMAppy10904
52.13009009009009,4.42507749143067,BIMAppy10905
52.13009009009009,4.498308227228867,BIMAppy10906
52.13009009009009,4.571538963027062,BIMAppy10907
52.13009009009009,4.644769698825257,BIMAppy10908
52.13009009009009,4.718000434623454,BIMAppy10909
52.13009009009009,4.79123117042165,BIMAppy10910
52.13009009009009,4.864461906219845,BIMAppy10911
52.13009009009009,4.937692642018042,BIMAppy10912
52.13009009009009,5.010923377816237,BIMAppy10913
52.13009009009009,5.084154113614433,BIMAppy10914
52.13009009009009,5.157384849412629,BIMAppy10915
52.13009009009009,5.230615585210825,BIMAppy10916
52.13009009009009,5.30384632100902,BIMAppy10917
52.13009009009009,5.377077056807217,BIMAppy10918
52.13009009009009,5.450307792605412,BIMAppy10919
52.13009009009009,5.523538528403608,BIMAppy10920
52.13009009009009,5.596769264201804,BIMAppy10921
52.13009009009009,5.67,BIMAppy10922
52.13009009009009,5.743230735798196,BIMAppy10923
52.13009009009009,5.816461471596392,BIMAppy10924
52.13009009009009,5.889692207394588,BIMAppy10925
52.13009009009009,5.962922943192783,BIMAppy10926
52.13009009009009,6.0361536789909795,BIMAppy10927
52.13009009009009,6.109384414789175,BIMAppy10928
52.13009009009009,6.182615150587371,BIMAppy10929
52.13009009009009,6.255845886385567,BIMAppy10930
52.13009009009009,6.329076622183763,BIMAppy10931
52.13009009009009,6.402307357981958,BIMAppy10932
52.13009009009009,6.4755380937801545,BIMAppy10933
52.13009009009009,6.54876882957835,BIMAppy10934
52.13009009009009,6.621999565376546,BIMAppy10935
52.13009009009009,6.6952303011747425,BIMAppy10936
52.13009009009009,6.768461036972938,BIMAppy10937
52.13009009009009,6.841691772771133,BIMAppy10938
52.13009009009009,6.9149225085693296,BIMAppy10939
52.13009009009009,6.988153244367526,BIMAppy10940
52.13009009009009,7.061383980165721,BIMAppy10941
52.13009009009009,7.134614715963917,BIMAppy10942
52.175135135135136,4.205385284036083,BIMAppy10943
52.175135135135136,4.278616019834279,BIMAppy10944
52.175135135135136,4.351846755632474,BIMAppy10945
52.175135135135136,4.42507749143067,BIMAppy10946
52.175135135135136,4.498308227228867,BIMAppy10947
52.175135135135136,4.571538963027062,BIMAppy10948
52.175135135135136,4.644769698825257,BIMAppy10949
52.175135135135136,4.718000434623454,BIMAppy10950
52.175135135135136,4.79123117042165,BIMAppy10951
52.175135135135136,4.864461906219845,BIMAppy10952
52.175135135135136,4.937692642018042,BIMAppy10953
52.175135135135136,5.010923377816237,BIMAppy10954
52.175135135135136,5.084154113614433,BIMAppy10955
52.175135135135136,5.157384849412629,BIMAppy10956
52.175135135135136,5.230615585210825,BIMAppy10957
52.175135135135136,5.30384632100902,BIMAppy10958
52.175135135135136,5.377077056807217,BIMAppy10959
52.175135135135136,5.450307792605412,BIMAppy10960
52.175135135135136,5.523538528403608,BIMAppy10961
52.175135135135136,5.596769264201804,BIMAppy10962
52.175135135135136,5.67,BIMAppy10963
52.175135135135136,5.743230735798196,BIMAppy10964
52.175135135135136,5.816461471596392,BIMAppy10965
52.175135135135136,5.889692207394588,BIMAppy10966
52.175135135135136,5.962922943192783,BIMAppy10967
52.175135135135136,6.0361536789909795,BIMAppy10968
52.175135135135136,6.109384414789175,BIMAppy10969
52.175135135135136,6.182615150587371,BIMAppy10970
52.175135135135136,6.255845886385567,BIMAppy10971
52.175135135135136,6.329076622183763,BIMAppy10972
52.175135135135136,6.402307357981958,BIMAppy10973
52.175135135135136,6.4755380937801545,BIMAppy10974
52.175135135135136,6.54876882957835,BIMAppy10975
52.175135135135136,6.621999565376546,BIMAppy10976
52.175135135135136,6.6952303011747425,BIMAppy10977
52.175135135135136,6.768461036972938,BIMAppy10978
52.175135135135136,6.841691772771133,BIMAppy10979
52.175135135135136,6.9149225085693296,BIMAppy10980
52.175135135135136,6.988153244367526,BIMAppy10981
52.175135135135136,7.061383980165721,BIMAppy10982
52.175135135135136,7.134614715963917,BIMAppy10983
52.22018018018018,4.205385284036083,BIMAppy10984
52.22018018018018,4.278616019834279,BIMAppy10985
52.22018018018018,4.351846755632474,BIMAppy10986
52.22018018018018,4.42507749143067,BIMAppy10987
52.22018018018018,4.498308227228867,BIMAppy10988
52.22018018018018,4.571538963027062,BIMAppy10989
52.22018018018018,4.644769698825257,BIMAppy10990
52.22018018018018,4.718000434623454,BIMAppy10991
52.22018018018018,4.79123117042165,BIMAppy10992
52.22018018018018,4.864461906219845,BIMAppy10993
52.22018018018018,4.937692642018042,BIMAppy10994
52.22018018018018,5.010923377816237,BIMAppy10995
52.22018018018018,5.084154113614433,BIMAppy10996
52.22018018018018,5.157384849412629,BIMAppy10997
52.22018018018018,5.230615585210825,BIMAppy10998
52.22018018018018,5.30384632100902,BIMAppy10999
52.22018018018018,5.377077056807217,BIMAppy11000
52.22018018018018,5.450307792605412,BIMAppy11001
52.22018018018018,5.523538528403608,BIMAppy11002
52.22018018018018,5.596769264201804,BIMAppy11003
52.22018018018018,5.67,BIMAppy11004
52.22018018018018,5.743230735798196,BIMAppy11005
52.22018018018018,5.816461471596392,BIMAppy11006
52.22018018018018,5.889692207394588,BIMAppy11007
52.22018018018018,5.962922943192783,BIMAppy11008
52.22018018018018,6.0361536789909795,BIMAppy11009
52.22018018018018,6.109384414789175,BIMAppy11010
52.22018018018018,6.182615150587371,BIMAppy11011
52.22018018018018,6.255845886385567,BIMAppy11012
52.22018018018018,6.329076622183763,BIMAppy11013
52.22018018018018,6.402307357981958,BIMAppy11014
52.22018018018018,6.4755380937801545,BIMAppy11015
52.22018018018018,6.54876882957835,BIMAppy11016
52.22018018018018,6.621999565376546,BIMAppy11017
52.22018018018018,6.6952303011747425,BIMAppy11018
52.22018018018018,6.768461036972938,BIMAppy11019
52.22018018018018,6.841691772771133,BIMAppy11020
52.22018018018018,6.9149225085693296,BIMAppy11021
52.22018018018018,6.988153244367526,BIMAppy11022
52.22018018018018,7.061383980165721,BIMAppy11023
52.22018018018018,7.134614715963917,BIMAppy11024
52.26522522522522,4.205385284036083,BIMAppy11025
52.26522522522522,4.278616019834279,BIMAppy11026
52.26522522522522,4.351846755632474,BIMAppy11027
52.26522522522522,4.42507749143067,BIMAppy11028
52.26522522522522,4.498308227228867,BIMAppy11029
52.26522522522522,4.571538963027062,BIMAppy11030
52.26522522522522,4.644769698825257,BIMAppy11031
52.26522522522522,4.718000434623454,BIMAppy11032
52.26522522522522,4.79123117042165,BIMAppy11033
52.26522522522522,4.864461906219845,BIMAppy11034
52.26522522522522,4.937692642018042,BIMAppy11035
52.26522522522522,5.010923377816237,BIMAppy11036
52.26522522522522,5.084154113614433,BIMAppy11037
52.26522522522522,5.157384849412629,BIMAppy11038
52.26522522522522,5.230615585210825,BIMAppy11039
52.26522522522522,5.30384632100902,BIMAppy11040
52.26522522522522,5.377077056807217,BIMAppy11041
52.26522522522522,5.450307792605412,BIMAppy11042
52.26522522522522,5.523538528403608,BIMAppy11043
52.26522522522522,5.596769264201804,BIMAppy11044
52.26522522522522,5.67,BIMAppy11045
52.26522522522522,5.743230735798196,BIMAppy11046
52.26522522522522,5.816461471596392,BIMAppy11047
52.26522522522522,5.889692207394588,BIMAppy11048
52.26522522522522,5.962922943192783,BIMAppy11049
52.26522522522522,6.0361536789909795,BIMAppy11050
52.26522522522522,6.109384414789175,BIMAppy11051
52.26522522522522,6.182615150587371,BIMAppy11052
52.26522522522522,6.255845886385567,BIMAppy11053
52.26522522522522,6.329076622183763,BIMAppy11054
52.26522522522522,6.402307357981958,BIMAppy11055
52.26522522522522,6.4755380937801545,BIMAppy11056
52.26522522522522,6.54876882957835,BIMAppy11057
52.26522522522522,6.621999565376546,BIMAppy11058
52.26522522522522,6.6952303011747425,BIMAppy11059
52.26522522522522,6.768461036972938,BIMAppy11060
52.26522522522522,6.841691772771133,BIMAppy11061
52.26522522522522,6.9149225085693296,BIMAppy11062
52.26522522522522,6.988153244367526,BIMAppy11063
52.26522522522522,7.061383980165721,BIMAppy11064
52.26522522522522,7.134614715963917,BIMAppy11065
52.31027027027027,4.205385284036083,BIMAppy11066
52.31027027027027,4.278616019834279,BIMAppy11067
52.31027027027027,4.351846755632474,BIMAppy11068
52.31027027027027,4.42507749143067,BIMAppy11069
52.31027027027027,4.498308227228867,BIMAppy11070
52.31027027027027,4.571538963027062,BIMAppy11071
52.31027027027027,4.644769698825257,BIMAppy11072
52.31027027027027,4.718000434623454,BIMAppy11073
52.31027027027027,4.79123117042165,BIMAppy11074
52.31027027027027,4.864461906219845,BIMAppy11075
52.31027027027027,4.937692642018042,BIMAppy11076
52.31027027027027,5.010923377816237,BIMAppy11077
52.31027027027027,5.084154113614433,BIMAppy11078
52.31027027027027,5.157384849412629,BIMAppy11079
52.31027027027027,5.230615585210825,BIMAppy11080
52.31027027027027,5.30384632100902,BIMAppy11081
52.31027027027027,5.377077056807217,BIMAppy11082
52.31027027027027,5.450307792605412,BIMAppy11083
52.31027027027027,5.523538528403608,BIMAppy11084
52.31027027027027,5.596769264201804,BIMAppy11085
52.31027027027027,5.67,BIMAppy11086
52.31027027027027,5.743230735798196,BIMAppy11087
52.31027027027027,5.816461471596392,BIMAppy11088
52.31027027027027,5.889692207394588,BIMAppy11089
52.31027027027027,5.962922943192783,BIMAppy11090
52.31027027027027,6.0361536789909795,BIMAppy11091
52.31027027027027,6.109384414789175,BIMAppy11092
52.31027027027027,6.182615150587371,BIMAppy11093
52.31027027027027,6.255845886385567,BIMAppy11094
52.31027027027027,6.329076622183763,BIMAppy11095
52.31027027027027,6.402307357981958,BIMAppy11096
52.31027027027027,6.4755380937801545,BIMAppy11097
52.31027027027027,6.54876882957835,BIMAppy11098
52.31027027027027,6.621999565376546,BIMAppy11099
52.31027027027027,6.6952303011747425,BIMAppy11100
52.31027027027027,6.768461036972938,BIMAppy11101
52.31027027027027,6.841691772771133,BIMAppy11102
52.31027027027027,6.9149225085693296,BIMAppy11103
52.31027027027027,6.988153244367526,BIMAppy11104
52.31027027027027,7.061383980165721,BIMAppy11105
52.31027027027027,7.134614715963917,BIMAppy11106
52.355315315315316,4.205385284036083,BIMAppy11107
52.355315315315316,4.278616019834279,BIMAppy11108
52.355315315315316,4.351846755632474,BIMAppy11109
52.355315315315316,4.42507749143067,BIMAppy11110
52.355315315315316,4.498308227228867,BIMAppy11111
52.355315315315316,4.571538963027062,BIMAppy11112
52.355315315315316,4.644769698825257,BIMAppy11113
52.355315315315316,4.718000434623454,BIMAppy11114
52.355315315315316,4.79123117042165,BIMAppy11115
52.355315315315316,4.864461906219845,BIMAppy11116
52.355315315315316,4.937692642018042,BIMAppy11117
52.355315315315316,5.010923377816237,BIMAppy11118
52.355315315315316,5.084154113614433,BIMAppy11119
52.355315315315316,5.157384849412629,BIMAppy11120
52.355315315315316,5.230615585210825,BIMAppy11121
52.355315315315316,5.30384632100902,BIMAppy11122
52.355315315315316,5.377077056807217,BIMAppy11123
52.355315315315316,5.450307792605412,BIMAppy11124
52.355315315315316,5.523538528403608,BIMAppy11125
52.355315315315316,5.596769264201804,BIMAppy11126
52.355315315315316,5.67,BIMAppy11127
52.355315315315316,5.743230735798196,BIMAppy11128
52.355315315315316,5.816461471596392,BIMAppy11129
52.355315315315316,5.889692207394588,BIMAppy11130
52.355315315315316,5.962922943192783,BIMAppy11131
52.355315315315316,6.0361536789909795,BIMAppy11132
52.355315315315316,6.109384414789175,BIMAppy11133
52.355315315315316,6.182615150587371,BIMAppy11134
52.355315315315316,6.255845886385567,BIMAppy11135
52.355315315315316,6.329076622183763,BIMAppy11136
52.355315315315316,6.402307357981958,BIMAppy11137
52.355315315315316,6.4755380937801545,BIMAppy11138
52.355315315315316,6.54876882957835,BIMAppy11139
52.355315315315316,6.621999565376546,BIMAppy11140
52.355315315315316,6.6952303011747425,BIMAppy11141
52.355315315315316,6.768461036972938,BIMAppy11142
52.355315315315316,6.841691772771133,BIMAppy11143
52.355315315315316,6.9149225085693296,BIMAppy11144
52.355315315315316,6.988153244367526,BIMAppy11145
52.355315315315316,7.061383980165721,BIMAppy11146
52.355315315315316,7.134614715963917,BIMAppy11147
52.40036036036036,4.205385284036083,BIMAppy11148
52.40036036036036,4.278616019834279,BIMAppy11149
52.40036036036036,4.351846755632474,BIMAppy11150
52.40036036036036,4.42507749143067,BIMAppy11151
52.40036036036036,4.498308227228867,BIMAppy11152
52.40036036036036,4.571538963027062,BIMAppy11153
52.40036036036036,4.644769698825257,BIMAppy11154
52.40036036036036,4.718000434623454,BIMAppy11155
52.40036036036036,4.79123117042165,BIMAppy11156
52.40036036036036,4.864461906219845,BIMAppy11157
52.40036036036036,4.937692642018042,BIMAppy11158
52.40036036036036,5.010923377816237,BIMAppy11159
52.40036036036036,5.084154113614433,BIMAppy11160
52.40036036036036,5.157384849412629,BIMAppy11161
52.40036036036036,5.230615585210825,BIMAppy11162
52.40036036036036,5.30384632100902,BIMAppy11163
52.40036036036036,5.377077056807217,BIMAppy11164
52.40036036036036,5.450307792605412,BIMAppy11165
52.40036036036036,5.523538528403608,BIMAppy11166
52.40036036036036,5.596769264201804,BIMAppy11167
52.40036036036036,5.67,BIMAppy11168
52.40036036036036,5.743230735798196,BIMAppy11169
52.40036036036036,5.816461471596392,BIMAppy11170
52.40036036036036,5.889692207394588,BIMAppy11171
52.40036036036036,5.962922943192783,BIMAppy11172
52.40036036036036,6.0361536789909795,BIMAppy11173
52.40036036036036,6.109384414789175,BIMAppy11174
52.40036036036036,6.182615150587371,BIMAppy11175
52.40036036036036,6.255845886385567,BIMAppy11176
52.40036036036036,6.329076622183763,BIMAppy11177
52.40036036036036,6.402307357981958,BIMAppy11178
52.40036036036036,6.4755380937801545,BIMAppy11179
52.40036036036036,6.54876882957835,BIMAppy11180
52.40036036036036,6.621999565376546,BIMAppy11181
52.40036036036036,6.6952303011747425,BIMAppy11182
52.40036036036036,6.768461036972938,BIMAppy11183
52.40036036036036,6.841691772771133,BIMAppy11184
52.40036036036036,6.9149225085693296,BIMAppy11185
52.40036036036036,6.988153244367526,BIMAppy11186
52.40036036036036,7.061383980165721,BIMAppy11187
52.40036036036036,7.134614715963917,BIMAppy11188
52.4454054054054,4.205385284036083,BIMAppy11189
52.4454054054054,4.278616019834279,BIMAppy11190
52.4454054054054,4.351846755632474,BIMAppy11191
52.4454054054054,4.42507749143067,BIMAppy11192
52.4454054054054,4.498308227228867,BIMAppy11193
52.4454054054054,4.571538963027062,BIMAppy11194
52.4454054054054,4.644769698825257,BIMAppy11195
52.4454054054054,4.718000434623454,BIMAppy11196
52.4454054054054,4.79123117042165,BIMAppy11197
52.4454054054054,4.864461906219845,BIMAppy11198
52.4454054054054,4.937692642018042,BIMAppy11199
52.4454054054054,5.010923377816237,BIMAppy11200
52.4454054054054,5.084154113614433,BIMAppy11201
52.4454054054054,5.157384849412629,BIMAppy11202
52.4454054054054,5.230615585210825,BIMAppy11203
52.4454054054054,5.30384632100902,BIMAppy11204
52.4454054054054,5.377077056807217,BIMAppy11205
52.4454054054054,5.450307792605412,BIMAppy11206
52.4454054054054,5.523538528403608,BIMAppy11207
52.4454054054054,5.596769264201804,BIMAppy11208
52.4454054054054,5.67,BIMAppy11209
52.4454054054054,5.743230735798196,BIMAppy11210
52.4454054054054,5.816461471596392,BIMAppy11211
52.4454054054054,5.889692207394588,BIMAppy11212
52.4454054054054,5.962922943192783,BIMAppy11213
52.4454054054054,6.0361536789909795,BIMAppy11214
52.4454054054054,6.109384414789175,BIMAppy11215
52.4454054054054,6.182615150587371,BIMAppy11216
52.4454054054054,6.255845886385567,BIMAppy11217
52.4454054054054,6.329076622183763,BIMAppy11218
52.4454054054054,6.402307357981958,BIMAppy11219
52.4454054054054,6.4755380937801545,BIMAppy11220
52.4454054054054,6.54876882957835,BIMAppy11221
52.4454054054054,6.621999565376546,BIMAppy11222
52.4454054054054,6.6952303011747425,BIMAppy11223
52.4454054054054,6.768461036972938,BIMAppy11224
52.4454054054054,6.841691772771133,BIMAppy11225
52.4454054054054,6.9149225085693296,BIMAppy11226
52.4454054054054,6.988153244367526,BIMAppy11227
52.4454054054054,7.061383980165721,BIMAppy11228
52.4454054054054,7.134614715963917,BIMAppy11229
52.49045045045045,4.205385284036083,BIMAppy11230
52.49045045045045,4.278616019834279,BIMAppy11231
52.49045045045045,4.351846755632474,BIMAppy11232
52.49045045045045,4.42507749143067,BIMAppy11233
52.49045045045045,4.498308227228867,BIMAppy11234
52.49045045045045,4.571538963027062,BIMAppy11235
52.49045045045045,4.644769698825257,BIMAppy11236
52.49045045045045,4.718000434623454,BIMAppy11237
52.49045045045045,4.79123117042165,BIMAppy11238
52.49045045045045,4.864461906219845,BIMAppy11239
52.49045045045045,4.937692642018042,BIMAppy11240
52.49045045045045,5.010923377816237,BIMAppy11241
52.49045045045045,5.084154113614433,BIMAppy11242
52.49045045045045,5.157384849412629,BIMAppy11243
52.49045045045045,5.230615585210825,BIMAppy11244
52.49045045045045,5.30384632100902,BIMAppy11245
52.49045045045045,5.377077056807217,BIMAppy11246
52.49045045045045,5.450307792605412,BIMAppy11247
52.49045045045045,5.523538528403608,BIMAppy11248
52.49045045045045,5.596769264201804,BIMAppy11249
52.49045045045045,5.67,BIMAppy11250
52.49045045045045,5.743230735798196,BIMAppy11251
52.49045045045045,5.816461471596392,BIMAppy11252
52.49045045045045,5.889692207394588,BIMAppy11253
52.49045045045045,5.962922943192783,BIMAppy11254
52.49045045045045,6.0361536789909795,BIMAppy11255
52.49045045045045,6.109384414789175,BIMAppy11256
52.49045045045045,6.182615150587371,BIMAppy11257
52.49045045045045,6.255845886385567,BIMAppy11258
52.49045045045045,6.329076622183763,BIMAppy11259
52.49045045045045,6.402307357981958,BIMAppy11260
52.49045045045045,6.4755380937801545,BIMAppy11261
52.49045045045045,6.54876882957835,BIMAppy11262
52.49045045045045,6.621999565376546,BIMAppy11263
52.49045045045045,6.6952303011747425,BIMAppy11264
52.49045045045045,6.768461036972938,BIMAppy11265
52.49045045045045,6.841691772771133,BIMAppy11266
52.49045045045045,6.9149225085693296,BIMAppy11267
52.49045045045045,6.988153244367526,BIMAppy11268
52.49045045045045,7.061383980165721,BIMAppy11269
52.49045045045045,7.134614715963917,BIMAppy11270
52.535495495495496,4.205385284036083,BIMAppy11271
52.535495495495496,4.278616019834279,BIMAppy11272
52.535495495495496,4.351846755632474,BIMAppy11273
52.535495495495496,4.42507749143067,BIMAppy11274
52.535495495495496,4.498308227228867,BIMAppy11275
52.535495495495496,4.571538963027062,BIMAppy11276
52.535495495495496,4.644769698825257,BIMAppy11277
52.535495495495496,4.718000434623454,BIMAppy11278
52.535495495495496,4.79123117042165,BIMAppy11279
52.535495495495496,4.864461906219845,BIMAppy11280
52.535495495495496,4.937692642018042,BIMAppy11281
52.535495495495496,5.010923377816237,BIMAppy11282
52.535495495495496,5.084154113614433,BIMAppy11283
52.535495495495496,5.157384849412629,BIMAppy11284
52.535495495495496,5.230615585210825,BIMAppy11285
52.535495495495496,5.30384632100902,BIMAppy11286
52.535495495495496,5.377077056807217,BIMAppy11287
52.535495495495496,5.450307792605412,BIMAppy11288
52.535495495495496,5.523538528403608,BIMAppy11289
52.535495495495496,5.596769264201804,BIMAppy11290
52.535495495495496,5.67,BIMAppy11291
52.535495495495496,5.743230735798196,BIMAppy11292
52.535495495495496,5.816461471596392,BIMAppy11293
52.535495495495496,5.889692207394588,BIMAppy11294
52.535495495495496,5.962922943192783,BIMAppy11295
52.535495495495496,6.0361536789909795,BIMAppy11296
52.535495495495496,6.109384414789175,BIMAppy11297
52.535495495495496,6.182615150587371,BIMAppy11298
52.535495495495496,6.255845886385567,BIMAppy11299
52.535495495495496,6.329076622183763,BIMAppy11300
52.535495495495496,6.402307357981958,BIMAppy11301
52.535495495495496,6.4755380937801545,BIMAppy11302
52.535495495495496,6.54876882957835,BIMAppy11303
52.535495495495496,6.621999565376546,BIMAppy11304
52.535495495495496,6.6952303011747425,BIMAppy11305
52.535495495495496,6.768461036972938,BIMAppy11306
52.535495495495496,6.841691772771133,BIMAppy11307
52.535495495495496,6.9149225085693296,BIMAppy11308
52.535495495495496,6.988153244367526,BIMAppy11309
52.535495495495496,7.061383980165721,BIMAppy11310
52.535495495495496,7.134614715963917,BIMAppy11311
52.58054054054054,4.205385284036083,BIMAppy11312
52.58054054054054,4.278616019834279,BIMAppy11313
52.58054054054054,4.351846755632474,BIMAppy11314
52.58054054054054,4.42507749143067,BIMAppy11315
52.58054054054054,4.498308227228867,BIMAppy11316
52.58054054054054,4.571538963027062,BIMAppy11317
52.58054054054054,4.644769698825257,BIMAppy11318
52.58054054054054,4.718000434623454,BIMAppy11319
52.58054054054054,4.79123117042165,BIMAppy11320
52.58054054054054,4.864461906219845,BIMAppy11321
52.58054054054054,4.937692642018042,BIMAppy11322
52.58054054054054,5.010923377816237,BIMAppy11323
52.58054054054054,5.084154113614433,BIMAppy11324
52.58054054054054,5.157384849412629,BIMAppy11325
52.58054054054054,5.230615585210825,BIMAppy11326
52.58054054054054,5.30384632100902,BIMAppy11327
52.58054054054054,5.377077056807217,BIMAppy11328
52.58054054054054,5.450307792605412,BIMAppy11329
52.58054054054054,5.523538528403608,BIMAppy11330
52.58054054054054,5.596769264201804,BIMAppy11331
52.58054054054054,5.67,BIMAppy11332
52.58054054054054,5.743230735798196,BIMAppy11333
52.58054054054054,5.816461471596392,BIMAppy11334
52.58054054054054,5.889692207394588,BIMAppy11335
52.58054054054054,5.962922943192783,BIMAppy11336
52.58054054054054,6.0361536789909795,BIMAppy11337
52.58054054054054,6.109384414789175,BIMAppy11338
52.58054054054054,6.182615150587371,BIMAppy11339
52.58054054054054,6.255845886385567,BIMAppy11340
52.58054054054054,6.329076622183763,BIMAppy11341
52.58054054054054,6.402307357981958,BIMAppy11342
52.58054054054054,6.4755380937801545,BIMAppy11343
52.58054054054054,6.54876882957835,BIMAppy11344
52.58054054054054,6.621999565376546,BIMAppy11345
52.58054054054054,6.6952303011747425,BIMAppy11346
52.58054054054054,6.768461036972938,BIMAppy11347
52.58054054054054,6.841691772771133,BIMAppy11348
52.58054054054054,6.9149225085693296,BIMAppy11349
52.58054054054054,6.988153244367526,BIMAppy11350
52.58054054054054,7.061383980165721,BIMAppy11351
52.58054054054054,7.134614715963917,BIMAppy11352
52.62558558558558,4.205385284036083,BIMAppy11353
52.62558558558558,4.278616019834279,BIMAppy11354
52.62558558558558,4.351846755632474,BIMAppy11355
52.62558558558558,4.42507749143067,BIMAppy11356
52.62558558558558,4.498308227228867,BIMAppy11357
52.62558558558558,4.571538963027062,BIMAppy11358
52.62558558558558,4.644769698825257,BIMAppy11359
52.62558558558558,4.718000434623454,BIMAppy11360
52.62558558558558,4.79123117042165,BIMAppy11361
52.62558558558558,4.864461906219845,BIMAppy11362
52.62558558558558,4.937692642018042,BIMAppy11363
52.62558558558558,5.010923377816237,BIMAppy11364
52.62558558558558,5.084154113614433,BIMAppy11365
52.62558558558558,5.157384849412629,BIMAppy11366
52.62558558558558,5.230615585210825,BIMAppy11367
52.62558558558558,5.30384632100902,BIMAppy11368
52.62558558558558,5.377077056807217,BIMAppy11369
52.62558558558558,5.450307792605412,BIMAppy11370
52.62558558558558,5.523538528403608,BIMAppy11371
52.62558558558558,5.596769264201804,BIMAppy11372
52.62558558558558,5.67,BIMAppy11373
52.62558558558558,5.743230735798196,BIMAppy11374
52.62558558558558,5.816461471596392,BIMAppy11375
52.62558558558558,5.889692207394588,BIMAppy11376
52.62558558558558,5.962922943192783,BIMAppy11377
52.62558558558558,6.0361536789909795,BIMAppy11378
52.62558558558558,6.109384414789175,BIMAppy11379
52.62558558558558,6.182615150587371,BIMAppy11380
52.62558558558558,6.255845886385567,BIMAppy11381
52.62558558558558,6.329076622183763,BIMAppy11382
52.62558558558558,6.402307357981958,BIMAppy11383
52.62558558558558,6.4755380937801545,BIMAppy11384
52.62558558558558,6.54876882957835,BIMAppy11385
52.62558558558558,6.621999565376546,BIMAppy11386
52.62558558558558,6.6952303011747425,BIMAppy11387
52.62558558558558,6.768461036972938,BIMAppy11388
52.62558558558558,6.841691772771133,BIMAppy11389
52.62558558558558,6.9149225085693296,BIMAppy11390
52.62558558558558,6.988153244367526,BIMAppy11391
52.62558558558558,7.061383980165721,BIMAppy11392
52.62558558558558,7.134614715963917,BIMAppy11393
52.67063063063063,4.205385284036083,BIMAppy11394
52.67063063063063,4.278616019834279,BIMAppy11395
52.67063063063063,4.351846755632474,BIMAppy11396
52.67063063063063,4.42507749143067,BIMAppy11397
52.67063063063063,4.498308227228867,BIMAppy11398
52.67063063063063,4.571538963027062,BIMAppy11399
52.67063063063063,4.644769698825257,BIMAppy11400
52.67063063063063,4.718000434623454,BIMAppy11401
52.67063063063063,4.79123117042165,BIMAppy11402
52.67063063063063,4.864461906219845,BIMAppy11403
52.67063063063063,4.937692642018042,BIMAppy11404
52.67063063063063,5.010923377816237,BIMAppy11405
52.67063063063063,5.084154113614433,BIMAppy11406
52.67063063063063,5.157384849412629,BIMAppy11407
52.67063063063063,5.230615585210825,BIMAppy11408
52.67063063063063,5.30384632100902,BIMAppy11409
52.67063063063063,5.377077056807217,BIMAppy11410
52.67063063063063,5.450307792605412,BIMAppy11411
52.67063063063063,5.523538528403608,BIMAppy11412
52.67063063063063,5.596769264201804,BIMAppy11413
52.67063063063063,5.67,BIMAppy11414
52.67063063063063,5.743230735798196,BIMAppy11415
52.67063063063063,5.816461471596392,BIMAppy11416
52.67063063063063,5.889692207394588,BIMAppy11417
52.67063063063063,5.962922943192783,BIMAppy11418
52.67063063063063,6.0361536789909795,BIMAppy11419
52.67063063063063,6.109384414789175,BIMAppy11420
52.67063063063063,6.182615150587371,BIMAppy11421
52.67063063063063,6.255845886385567,BIMAppy11422
52.67063063063063,6.329076622183763,BIMAppy11423
52.67063063063063,6.402307357981958,BIMAppy11424
52.67063063063063,6.4755380937801545,BIMAppy11425
52.67063063063063,6.54876882957835,BIMAppy11426
52.67063063063063,6.621999565376546,BIMAppy11427
52.67063063063063,6.6952303011747425,BIMAppy11428
52.67063063063063,6.768461036972938,BIMAppy11429
52.67063063063063,6.841691772771133,BIMAppy11430
52.67063063063063,6.9149225085693296,BIMAppy11431
52.67063063063063,6.988153244367526,BIMAppy11432
52.67063063063063,7.061383980165721,BIMAppy11433
52.67063063063063,7.134614715963917,BIMAppy11434
52.715675675675676,4.205385284036083,BIMAppy11435
52.715675675675676,4.278616019834279,BIMAppy11436
52.715675675675676,4.351846755632474,BIMAppy11437
52.715675675675676,4.42507749143067,BIMAppy11438
52.715675675675676,4.498308227228867,BIMAppy11439
52.715675675675676,4.571538963027062,BIMAppy11440
52.715675675675676,4.644769698825257,BIMAppy11441
52.715675675675676,4.718000434623454,BIMAppy11442
52.715675675675676,4.79123117042165,BIMAppy11443
52.715675675675676,4.864461906219845,BIMAppy11444
52.715675675675676,4.937692642018042,BIMAppy11445
52.715675675675676,5.010923377816237,BIMAppy11446
52.715675675675676,5.084154113614433,BIMAppy11447
52.715675675675676,5.157384849412629,BIMAppy11448
52.715675675675676,5.230615585210825,BIMAppy11449
52.715675675675676,5.30384632100902,BIMAppy11450
52.715675675675676,5.377077056807217,BIMAppy11451
52.715675675675676,5.450307792605412,BIMAppy11452
52.715675675675676,5.523538528403608,BIMAppy11453
52.715675675675676,5.596769264201804,BIMAppy11454
52.715675675675676,5.67,BIMAppy11455
52.715675675675676,5.743230735798196,BIMAppy11456
52.715675675675676,5.816461471596392,BIMAppy11457
52.715675675675676,5.889692207394588,BIMAppy11458
52.715675675675676,5.962922943192783,BIMAppy11459
52.715675675675676,6.0361536789909795,BIMAppy11460
52.715675675675676,6.109384414789175,BIMAppy11461
52.715675675675676,6.182615150587371,BIMAppy11462
52.715675675675676,6.255845886385567,BIMAppy11463
52.715675675675676,6.329076622183763,BIMAppy11464
52.715675675675676,6.402307357981958,BIMAppy11465
52.715675675675676,6.4755380937801545,BIMAppy11466
52.715675675675676,6.54876882957835,BIMAppy11467
52.715675675675676,6.621999565376546,BIMAppy11468
52.715675675675676,6.6952303011747425,BIMAppy11469
52.715675675675676,6.768461036972938,BIMAppy11470
52.715675675675676,6.841691772771133,BIMAppy11471
52.715675675675676,6.9149225085693296,BIMAppy11472
52.715675675675676,6.988153244367526,BIMAppy11473
52.715675675675676,7.061383980165721,BIMAppy11474
52.715675675675676,7.134614715963917,BIMAppy11475
52.76072072072072,4.205385284036083,BIMAppy11476
52.76072072072072,4.278616019834279,BIMAppy11477
52.76072072072072,4.351846755632474,BIMAppy11478
52.76072072072072,4.42507749143067,BIMAppy11479
52.76072072072072,4.498308227228867,BIMAppy11480
52.76072072072072,4.571538963027062,BIMAppy11481
52.76072072072072,4.644769698825257,BIMAppy11482
52.76072072072072,4.718000434623454,BIMAppy11483
52.76072072072072,4.79123117042165,BIMAppy11484
52.76072072072072,4.864461906219845,BIMAppy11485
52.76072072072072,4.937692642018042,BIMAppy11486
52.76072072072072,5.010923377816237,BIMAppy11487
52.76072072072072,5.084154113614433,BIMAppy11488
52.76072072072072,5.157384849412629,BIMAppy11489
52.76072072072072,5.230615585210825,BIMAppy11490
52.76072072072072,5.30384632100902,BIMAppy11491
52.76072072072072,5.377077056807217,BIMAppy11492
52.76072072072072,5.450307792605412,BIMAppy11493
52.76072072072072,5.523538528403608,BIMAppy11494
52.76072072072072,5.596769264201804,BIMAppy11495
52.76072072072072,5.67,BIMAppy11496
52.76072072072072,5.743230735798196,BIMAppy11497
52.76072072072072,5.816461471596392,BIMAppy11498
52.76072072072072,5.889692207394588,BIMAppy11499
52.76072072072072,5.962922943192783,BIMAppy11500
52.76072072072072,6.0361536789909795,BIMAppy11501
52.76072072072072,6.109384414789175,BIMAppy11502
52.76072072072072,6.182615150587371,BIMAppy11503
52.76072072072072,6.255845886385567,BIMAppy11504
52.76072072072072,6.329076622183763,BIMAppy11505
52.76072072072072,6.402307357981958,BIMAppy11506
52.76072072072072,6.4755380937801545,BIMAppy11507
52.76072072072072,6.54876882957835,BIMAppy11508
52.76072072072072,6.621999565376546,BIMAppy11509
52.76072072072072,6.6952303011747425,BIMAppy11510
52.76072072072072,6.768461036972938,BIMAppy11511
52.76072072072072,6.841691772771133,BIMAppy11512
52.76072072072072,6.9149225085693296,BIMAppy11513
52.76072072072072,6.988153244367526,BIMAppy11514
52.76072072072072,7.061383980165721,BIMAppy11515
52.76072072072072,7.134614715963917,BIMAppy11516
52.80576576576576,4.205385284036083,BIMAppy11517
52.80576576576576,4.278616019834279,BIMAppy11518
52.80576576576576,4.351846755632474,BIMAppy11519
52.80576576576576,4.42507749143067,BIMAppy11520
52.80576576576576,4.498308227228867,BIMAppy11521
52.80576576576576,4.571538963027062,BIMAppy11522
52.80576576576576,4.644769698825257,BIMAppy11523
52.80576576576576,4.718000434623454,BIMAppy11524
52.80576576576576,4.79123117042165,BIMAppy11525
52.80576576576576,4.864461906219845,BIMAppy11526
52.80576576576576,4.937692642018042,BIMAppy11527
52.80576576576576,5.010923377816237,BIMAppy11528
52.80576576576576,5.084154113614433,BIMAppy11529
52.80576576576576,5.157384849412629,BIMAppy11530
52.80576576576576,5.230615585210825,BIMAppy11531
52.80576576576576,5.30384632100902,BIMAppy11532
52.80576576576576,5.377077056807217,BIMAppy11533
52.80576576576576,5.450307792605412,BIMAppy11534
52.80576576576576,5.523538528403608,BIMAppy11535
52.80576576576576,5.596769264201804,BIMAppy11536
52.80576576576576,5.67,BIMAppy11537
52.80576576576576,5.743230735798196,BIMAppy11538
52.80576576576576,5.816461471596392,BIMAppy11539
52.80576576576576,5.889692207394588,BIMAppy11540
52.80576576576576,5.962922943192783,BIMAppy11541
52.80576576576576,6.0361536789909795,BIMAppy11542
52.80576576576576,6.109384414789175,BIMAppy11543
52.80576576576576,6.182615150587371,BIMAppy11544
52.80576576576576,6.255845886385567,BIMAppy11545
52.80576576576576,6.329076622183763,BIMAppy11546
52.80576576576576,6.402307357981958,BIMAppy11547
52.80576576576576,6.4755380937801545,BIMAppy11548
52.80576576576576,6.54876882957835,BIMAppy11549
52.80576576576576,6.621999565376546,BIMAppy11550
52.80576576576576,6.6952303011747425,BIMAppy11551
52.80576576576576,6.768461036972938,BIMAppy11552
52.80576576576576,6.841691772771133,BIMAppy11553
52.80576576576576,6.9149225085693296,BIMAppy11554
52.80576576576576,6.988153244367526,BIMAppy11555
52.80576576576576,7.061383980165721,BIMAppy11556
52.80576576576576,7.134614715963917,BIMAppy11557
52.85081081081081,4.205385284036083,BIMAppy11558
52.85081081081081,4.278616019834279,BIMAppy11559
52.85081081081081,4.351846755632474,BIMAppy11560
52.85081081081081,4.42507749143067,BIMAppy11561
52.85081081081081,4.498308227228867,BIMAppy11562
52.85081081081081,4.571538963027062,BIMAppy11563
52.85081081081081,4.644769698825257,BIMAppy11564
52.85081081081081,4.718000434623454,BIMAppy11565
52.85081081081081,4.79123117042165,BIMAppy11566
52.85081081081081,4.864461906219845,BIMAppy11567
52.85081081081081,4.937692642018042,BIMAppy11568
52.85081081081081,5.010923377816237,BIMAppy11569
52.85081081081081,5.084154113614433,BIMAppy11570
52.85081081081081,5.157384849412629,BIMAppy11571
52.85081081081081,5.230615585210825,BIMAppy11572
52.85081081081081,5.30384632100902,BIMAppy11573
52.85081081081081,5.377077056807217,BIMAppy11574
52.85081081081081,5.450307792605412,BIMAppy11575
52.85081081081081,5.523538528403608,BIMAppy11576
52.85081081081081,5.596769264201804,BIMAppy11577
52.85081081081081,5.67,BIMAppy11578
52.85081081081081,5.743230735798196,BIMAppy11579
52.85081081081081,5.816461471596392,BIMAppy11580
52.85081081081081,5.889692207394588,BIMAppy11581
52.85081081081081,5.962922943192783,BIMAppy11582
52.85081081081081,6.0361536789909795,BIMAppy11583
52.85081081081081,6.109384414789175,BIMAppy11584
52.85081081081081,6.182615150587371,BIMAppy11585
52.85081081081081,6.255845886385567,BIMAppy11586
52.85081081081081,6.329076622183763,BIMAppy11587
52.85081081081081,6.402307357981958,BIMAppy11588
52.85081081081081,6.4755380937801545,BIMAppy11589
52.85081081081081,6.54876882957835,BIMAppy11590
52.85081081081081,6.621999565376546,BIMAppy11591
52.85081081081081,6.6952303011747425,BIMAppy11592
52.85081081081081,6.768461036972938,BIMAppy11593
52.85081081081081,6.841691772771133,BIMAppy11594
52.85081081081081,6.9149225085693296,BIMAppy11595
52.85081081081081,6.988153244367526,BIMAppy11596
52.85081081081081,7.061383980165721,BIMAppy11597
52.85081081081081,7.134614715963917,BIMAppy11598
52.89585585585586,4.205385284036083,BIMAppy11599
52.89585585585586,4.278616019834279,BIMAppy11600
52.89585585585586,4.351846755632474,BIMAppy11601
52.89585585585586,4.42507749143067,BIMAppy11602
52.89585585585586,4.498308227228867,BIMAppy11603
52.89585585585586,4.571538963027062,BIMAppy11604
52.89585585585586,4.644769698825257,BIMAppy11605
52.89585585585586,4.718000434623454,BIMAppy11606
52.89585585585586,4.79123117042165,BIMAppy11607
52.89585585585586,4.864461906219845,BIMAppy11608
52.89585585585586,4.937692642018042,BIMAppy11609
52.89585585585586,5.010923377816237,BIMAppy11610
52.89585585585586,5.084154113614433,BIMAppy11611
52.89585585585586,5.157384849412629,BIMAppy11612
52.89585585585586,5.230615585210825,BIMAppy11613
52.89585585585586,5.30384632100902,BIMAppy11614
52.89585585585586,5.377077056807217,BIMAppy11615
52.89585585585586,5.450307792605412,BIMAppy11616
52.89585585585586,5.523538528403608,BIMAppy11617
52.89585585585586,5.596769264201804,BIMAppy11618
52.89585585585586,5.67,BIMAppy11619
52.89585585585586,5.743230735798196,BIMAppy11620
52.89585585585586,5.816461471596392,BIMAppy11621
52.89585585585586,5.889692207394588,BIMAppy11622
52.89585585585586,5.962922943192783,BIMAppy11623
52.89585585585586,6.0361536789909795,BIMAppy11624
52.89585585585586,6.109384414789175,BIMAppy11625
52.89585585585586,6.182615150587371,BIMAppy11626
52.89585585585586,6.255845886385567,BIMAppy11627
52.89585585585586,6.329076622183763,BIMAppy11628
52.89585585585586,6.402307357981958,BIMAppy11629
52.89585585585586,6.4755380937801545,BIMAppy11630
52.89585585585586,6.54876882957835,BIMAppy11631
52.89585585585586,6.621999565376546,BIMAppy11632
52.89585585585586,6.6952303011747425,BIMAppy11633
52.89585585585586,6.768461036972938,BIMAppy11634
52.89585585585586,6.841691772771133,BIMAppy11635
52.89585585585586,6.9149225085693296,BIMAppy11636
52.89585585585586,6.988153244367526,BIMAppy11637
52.89585585585586,7.061383980165721,BIMAppy11638
52.89585585585586,7.134614715963917,BIMAppy11639
52.9409009009009,4.205385284036083,BIMAppy11640
52.9409009009009,4.278616019834279,BIMAppy11641
52.9409009009009,4.351846755632474,BIMAppy11642
52.9409009009009,4.42507749143067,BIMAppy11643
52.9409009009009,4.498308227228867,BIMAppy11644
52.9409009009009,4.571538963027062,BIMAppy11645
52.9409009009009,4.644769698825257,BIMAppy11646
52.9409009009009,4.718000434623454,BIMAppy11647
52.9409009009009,4.79123117042165,BIMAppy11648
52.9409009009009,4.864461906219845,BIMAppy11649
52.9409009009009,4.937692642018042,BIMAppy11650
52.9409009009009,5.010923377816237,BIMAppy11651
52.9409009009009,5.084154113614433,BIMAppy11652
52.9409009009009,5.157384849412629,BIMAppy11653
52.9409009009009,5.230615585210825,BIMAppy11654
52.9409009009009,5.30384632100902,BIMAppy11655
52.9409009009009,5.377077056807217,BIMAppy11656
52.9409009009009,5.450307792605412,BIMAppy11657
52.9409009009009,5.523538528403608,BIMAppy11658
52.9409009009009,5.596769264201804,BIMAppy11659
52.9409009009009,5.67,BIMAppy11660
52.9409009009009,5.743230735798196,BIMAppy11661
52.9409009009009,5.816461471596392,BIMAppy11662
52.9409009009009,5.889692207394588,BIMAppy11663
52.9409009009009,5.962922943192783,BIMAppy11664
52.9409009009009,6.0361536789909795,BIMAppy11665
52.9409009009009,6.109384414789175,BIMAppy11666
52.9409009009009,6.182615150587371,BIMAppy11667
52.9409009009009,6.255845886385567,BIMAppy11668
52.9409009009009,6.329076622183763,BIMAppy11669
52.9409009009009,6.402307357981958,BIMAppy11670
52.9409009009009,6.4755380937801545,BIMAppy11671
52.9409009009009,6.54876882957835,BIMAppy11672
52.9409009009009,6.621999565376546,BIMAppy11673
52.9409009009009,6.6952303011747425,BIMAppy11674
52.9409009009009,6.768461036972938,BIMAppy11675
52.9409009009009,6.841691772771133,BIMAppy11676
52.9409009009009,6.9149225085693296,BIMAppy11677
52.9409009009009,6.988153244367526,BIMAppy11678
52.9409009009009,7.061383980165721,BIMAppy11679
52.9409009009009,7.134614715963917,BIMAppy11680
